"escenario","aporte_mensual_usd","horizonte","anio","meses","tasa_anual","convencion","capital_inicial_usd","capital_aportado_usd","valor_usd","ganancia_usd","ventana_inicio","ventana_fin"
"US$ 4.000 / mes",4000,"Unos 4 años para la pensión",5,60,0.17598104918429,"r = tasa_anual / 12",0,240000,380582.05,140582.05,"2012-10-31","2026-09-30"
"US$ 4.000 / mes",4000,"Unos 4 años para la pensión",10,120,0.17598104918429,"r = tasa_anual / 12",0,480000,1292196.82,812196.82,"2012-10-31","2026-09-30"
"US$ 4.000 / mes",4000,"Unos 4 años para la pensión",15,180,0.17598104918429,"r = tasa_anual / 12",0,720000,3475803.42,2755803.42,"2012-10-31","2026-09-30"
"US$ 500 / mes",500,"Puede esperar 15 años o más",5,60,0.17598104918429,"r = tasa_anual / 12",0,30000,47572.76,17572.76,"2012-10-31","2026-09-30"
"US$ 500 / mes",500,"Puede esperar 15 años o más",10,120,0.17598104918429,"r = tasa_anual / 12",0,60000,161524.6,101524.6,"2012-10-31","2026-09-30"
"US$ 500 / mes",500,"Puede esperar 15 años o más",15,180,0.17598104918429,"r = tasa_anual / 12",0,90000,434475.43,344475.43,"2012-10-31","2026-09-30"
"Alejandro · US$ 70.000 + US$ 1.500/mes",1500,"Popular Investor de largo plazo",5,60,0.17598104918429,"r = tasa_anual / 12",70000,160000,310390.48,150390.48,"2012-10-31","2026-09-30"
"Alejandro · US$ 70.000 + US$ 1.500/mes",1500,"Popular Investor de largo plazo",10,120,0.17598104918429,"r = tasa_anual / 12",70000,250000,886201.95,636201.95,"2012-10-31","2026-09-30"
"Alejandro · US$ 70.000 + US$ 1.500/mes",1500,"Popular Investor de largo plazo",15,180,0.17598104918429,"r = tasa_anual / 12",70000,340000,2265453.1,1925453.1,"2012-10-31","2026-09-30"
