"senda","hito","clave","escenario","horizonte","mes","anio","ciclo","fecha_retorno_historica","retorno_portafolio","drawdown_nucleo","drawdown_cuenta","capital_inicial_usd","aporte_mensual_usd","capital_aportado_usd","valor_usd","ganancia_usd"
"ciclo_15a","anio_5","a4000","US$ 4.000 / mes","Unos 4 años para la pensión",60,5,1,"2017-10-31",0.0418343550502295,0,0,0,4000,240000,361060.328978945,121060.328978945
"ciclo_15a","anio_5","a500","US$ 500 / mes","Puede esperar 15 años o más",60,5,1,"2017-10-31",0.0418343550502295,0,0,0,500,30000,45132.5411223682,15132.5411223682
"ciclo_15a","anio_5","alejandro","Alejandro · US$ 70.000 + US$ 1.500/mes","Popular Investor de largo plazo",60,5,1,"2017-10-31",0.0418343550502295,0,0,70000,1500,160000,287763.308104514,127763.308104514
"ciclo_15a","anio_10","a4000","US$ 4.000 / mes","Unos 4 años para la pensión",120,10,1,"2022-10-31",0.0426285254251952,-0.245822222657982,-0.2123204620463,0,4000,480000,844541.43899449,364541.43899449
"ciclo_15a","anio_10","a500","US$ 500 / mes","Puede esperar 15 años o más",120,10,1,"2022-10-31",0.0426285254251952,-0.245822222657982,-0.2123204620463,0,500,60000,105567.679874311,45567.6798743112
"ciclo_15a","anio_10","alejandro","Alejandro · US$ 70.000 + US$ 1.500/mes","Popular Investor de largo plazo",120,10,1,"2022-10-31",0.0426285254251952,-0.245822222657982,-0.227030045629431,70000,1500,250000,554058.748938221,304058.748938221
"ciclo_15a","anio_15","a4000","US$ 4.000 / mes","Unos 4 años para la pensión",180,15,2,"2013-11-29",0.0127367334494394,0,0,0,4000,720000,3493489.1197046,2773489.1197046
"ciclo_15a","anio_15","a500","US$ 500 / mes","Puede esperar 15 años o más",180,15,2,"2013-11-29",0.0127367334494394,0,0,0,500,90000,436686.139963076,346686.139963076
"ciclo_15a","anio_15","alejandro","Alejandro · US$ 70.000 + US$ 1.500/mes","Popular Investor de largo plazo",180,15,2,"2013-11-29",0.0127367334494394,0,0,70000,1500,340000,2160601.89065941,1820601.89065941
"ciclo_15a","fin_muestra_real","a4000","US$ 4.000 / mes","Unos 4 años para la pensión",167,13.9166666666667,1,"2026-09-30",0.0223430192405563,-0.0056060063397706,-0.00105862626135422,0,4000,668000,2698753.18945287,2030753.18945287
"ciclo_15a","fin_muestra_real","a500","US$ 500 / mes","Puede esperar 15 años o más",167,13.9166666666667,1,"2026-09-30",0.0223430192405563,-0.0056060063397706,-0.00105862626135422,0,500,83500,337344.148681609,253844.148681609
"ciclo_15a","fin_muestra_real","alejandro","Alejandro · US$ 70.000 + US$ 1.500/mes","Popular Investor de largo plazo",167,13.9166666666667,1,"2026-09-30",0.0223430192405563,-0.0056060063397706,-0.00287183717481909,70000,1500,320500,1680123.83014628,1359623.83014628
"ciclo_15a","peor_drawdown_nucleo","a4000","US$ 4.000 / mes","Unos 4 años para la pensión",119,9.91666666666667,1,"2022-09-30",-0.100014669760617,-0.276657257162175,-0.248103390853428,0,4000,476000,806175.371666249,330175.371666249
"ciclo_15a","peor_drawdown_nucleo","a500","US$ 500 / mes","Puede esperar 15 años o más",119,9.91666666666667,1,"2022-09-30",-0.100014669760617,-0.276657257162175,-0.248103390853428,0,500,59500,100771.921458281,41271.9214582811
"ciclo_15a","peor_drawdown_nucleo","alejandro","Alejandro · US$ 70.000 + US$ 1.500/mes","Popular Investor de largo plazo",119,9.91666666666667,1,"2022-09-30",-0.100014669760617,-0.276657257162175,-0.260640507572709,70000,1500,248500,529967.03568309,281467.03568309
"ciclo_15a","peor_mes_retorno_nucleo","a4000","US$ 4.000 / mes","Unos 4 años para la pensión",89,7.41666666666667,1,"2020-03-31",-0.122195513512255,-0.184842758460015,-0.16637659792288,0,4000,356000,488123.203766045,132123.203766045
"ciclo_15a","peor_mes_retorno_nucleo","a500","US$ 500 / mes","Puede esperar 15 años o más",89,7.41666666666667,1,"2020-03-31",-0.122195513512255,-0.184842758460015,-0.16637659792288,0,500,44500,61015.4004707557,16515.4004707557
"ciclo_15a","peor_mes_retorno_nucleo","alejandro","Alejandro · US$ 70.000 + US$ 1.500/mes","Popular Investor de largo plazo",89,7.41666666666667,1,"2020-03-31",-0.122195513512255,-0.184842758460015,-0.175072944354595,70000,1500,203500,342370.768004075,138870.768004075
"ciclo_15a","peor_drawdown_cuenta","a4000","US$ 4.000 / mes","Unos 4 años para la pensión",119,9.91666666666667,1,"2022-09-30",-0.100014669760617,-0.276657257162175,-0.248103390853428,0,4000,476000,806175.371666249,330175.371666249
"ciclo_15a","peor_drawdown_cuenta","a500","US$ 500 / mes","Puede esperar 15 años o más",119,9.91666666666667,1,"2022-09-30",-0.100014669760617,-0.276657257162175,-0.248103390853428,0,500,59500,100771.921458281,41271.9214582811
"ciclo_15a","peor_drawdown_cuenta","alejandro","Alejandro · US$ 70.000 + US$ 1.500/mes","Popular Investor de largo plazo",119,9.91666666666667,1,"2022-09-30",-0.100014669760617,-0.276657257162175,-0.260640507572709,70000,1500,248500,529967.03568309,281467.03568309
