"fecha_fin","retorno_portafolio","indice_riqueza"
"2012-11-30",0.0179743253964557,1.01797432539646
"2012-12-31",0.0242440342448993,1.0426541298018
"2013-01-31",0.045010639959735,1.08958465944083
"2013-02-28",0.0175614081175639,1.10871930032391
"2013-03-28",0.019127125863559,1.12992591392856
"2013-04-30",0.0233999878581896,1.15636616659515
"2013-05-31",0.0219011175539249,1.18169187794513
"2013-06-28",-0.0251192079875776,1.15200871388579
"2013-07-31",0.0346689063248224,1.19194759607288
"2013-08-30",-0.0300823714970693,1.15609098568278
"2013-09-30",0.0488897287845372,1.21261196042306
"2013-10-31",0.036674065127152,1.25708337043357
"2013-11-29",0.0127367334494394,1.27309450624651
"2013-12-31",0.0240245050296688,1.30367997161507
"2014-01-31",-0.0461460640600369,1.24352027213114
"2014-02-28",0.047030981544189,1.30200425109956
"2014-03-31",0.0311947920038391,1.34262000290073
"2014-04-30",0.00424898338394603,1.34832477298401
"2014-05-30",0.0251206811629593,1.38219560971026
"2014-06-30",0.0248627532327329,1.41656079807385
"2014-07-31",-0.00809822047132569,1.40508917642001
"2014-08-29",0.0548431854192056,1.48214874265293
"2014-09-30",-0.0200372396118752,1.45245057315595
"2014-10-31",0.0163389371535192,1.47618207178934
"2014-11-28",0.0384921524422809,1.53300349712922
"2014-12-31",-0.00984366033752485,1.51791313140724
"2015-01-30",-0.0238041160959537,1.48178055100365
"2015-02-27",0.053499789098171,1.56105549797212
"2015-03-31",-0.019569448664865,1.53050650254155
"2015-04-30",0.012414402744502,1.54950682666718
"2015-05-29",0.0193285782729048,1.57945659065082
"2015-06-30",-0.0416567093158703,1.51366162657704
"2015-07-31",-0.000998965064750922,1.51214953149223
"2015-08-31",-0.0649594920711577,1.41392106599086
"2015-09-30",-0.017353370825923,1.38938476941414
"2015-10-30",0.0750631006785594,1.49367629824193
"2015-11-30",-9.12707252677812e-05,1.49353996932287
"2015-12-31",-0.0217671638254145,1.46102984013081
"2016-01-29",-0.0485531989219835,1.39009216767199
"2016-02-29",0.00563797564949336,1.39792947346388
"2016-03-31",0.0836198305442982,1.5148240991478
"2016-04-29",-0.00842520287651242,1.50206139879025
"2016-05-31",0.0145496297664885,1.52391583602919
"2016-06-30",0.0143756657964956,1.54582314078993
"2016-07-29",0.0515144693407164,1.62545539958232
"2016-08-31",0.0193351276971127,1.65688378729921
"2016-09-30",0.00942787342143187,1.67250467791989
"2016-10-31",-0.0142590400748696,1.64865636669202
"2016-11-30",0.0260045061511071,1.69152886132072
"2016-12-30",0.0155190207301372,1.71777973278519
"2017-01-31",0.033442466276353,1.77522652356906
"2017-02-28",0.0338437826748824,1.83530690423142
"2017-03-31",0.0148036331414218,1.86247611434358
"2017-04-28",0.00878611278780729,1.8788400395488
"2017-05-31",0.0320364607235225,1.93903142468158
"2017-06-30",-0.00444502822045823,1.93041237527852
"2017-07-31",0.0377177736908998,2.00322323237939
"2017-08-31",0.0232195104937591,2.04973709524496
"2017-09-29",0.0192771595529456,2.08925020427159
"2017-10-31",0.0418343550502295,2.17665263910585
"2017-11-30",0.0145408894762522,2.20830310455928
"2017-12-29",0.0134845238211653,2.23808102037706
"2018-01-31",0.0777571131063111,2.41210773941961
"2018-02-28",-0.0272673393877362,2.34633597904907
"2018-03-29",-0.0208673559299524,2.297374151043
"2018-04-30",-0.0251323653519463,2.23963570452887
"2018-05-31",0.0311752362324627,2.30945687669222
"2018-06-29",-0.021471899189181,2.25986845145412
"2018-07-31",0.0379787619452284,2.34569545739943
"2018-08-31",0.0281026026673593,2.41161560481735
"2018-09-28",0.000507426531425713,2.41283932255884
"2018-10-31",-0.0828711544632378,2.21288454236409
"2018-11-30",0.0358087461178901,2.29212516312981
"2018-12-31",-0.0692298607143447,2.13344165734649
"2019-01-31",0.0730756904266735,2.28934437944211
"2019-02-28",0.0241555662745415,2.34464478932497
"2019-03-29",0.0177534542211754,2.38627033325717
"2019-04-30",0.055639447144488,2.51904109533689
"2019-05-31",-0.0868497228460572,2.30026307436906
"2019-06-28",0.0781410530458714,2.48000805328279
"2019-07-31",0.00614712682270996,2.49525297730766
"2019-08-30",-0.0181903733600104,2.44986339402275
"2019-09-30",0.0189853760919475,2.49637497193217
"2019-10-31",0.0354893100231782,2.58496959724518
"2019-11-29",0.0299221045142556,2.66231732770012
"2019-12-31",0.0487778243874194,2.79217937477426
"2020-01-31",-0.0123891240167374,2.7575867182232
"2020-02-28",-0.0597188476843844,2.59290681702115
"2020-03-31",-0.122195513512255,2.27606523702583
"2020-04-30",0.105307278117051,2.51575147195386
"2020-05-29",0.0385015289667588,2.61261175012445
"2020-06-30",0.0385338673932259,2.71328578485373
"2020-07-31",0.0818369495105,2.93533281663637
"2020-08-31",0.0752392645080618,3.15618509884646
"2020-09-30",-0.0247050166825067,3.07821149332638
"2020-10-30",-0.0176520365981288,3.0238747913894
"2020-11-30",0.126658117732241,3.40687308072476
"2020-12-31",0.0443615977002565,3.5580074137477
"2021-01-29",0.00893409267666566,3.58979498172639
"2021-02-26",0.0299205378633644,3.69720357839885
"2021-03-31",0.0246630815492947,3.78838801175724
"2021-04-30",0.0428898738288427,3.95087149559621
"2021-05-28",0.0173925280685508,4.01958713897861
"2021-06-30",0.0251222560947078,4.12056823647902
"2021-07-30",0.00276698538225095,4.13196978855593
"2021-08-31",0.0294417300306885,4.25362212756555
"2021-09-30",-0.0492311034121922,4.04421161672698
"2021-10-29",0.0602542921323455,4.28789272492627
"2021-11-30",0.0141345191845646,4.3485000269081
"2021-12-31",0.0339235659766754,4.49601665447049
"2022-01-31",-0.0457244935505116,4.29043856995016
"2022-02-28",-0.0236753797272372,4.18886080761021
"2022-03-31",0.031440141067679,4.32055918231435
"2022-04-29",-0.107031298280078,3.85812412373533
"2022-05-31",0.00683139983640772,3.88448051224306
"2022-06-30",-0.106277030239866,3.47164945937723
"2022-07-29",0.102396790430027,3.8271352215156
"2022-08-31",-0.0558025953926181,3.61357114323652
"2022-09-30",-0.100014669760617,3.25216101868923
"2022-10-31",0.0426285254251952,3.39079584736125
"2022-11-30",0.109165832943766,3.7609549003807
"2022-12-30",-0.0604031227549898,3.53378147985703
"2023-01-31",0.0788093221751272,3.81227640299958
"2023-02-28",-0.0234817929946665,3.72275731766589
"2023-03-31",0.050377478054995,3.91030044274068
"2023-04-28",0.00380538523089275,3.92518064229383
"2023-05-31",0.0364306611689123,4.06817756830001
"2023-06-30",0.0578372324662253,4.30346970003167
"2023-07-31",0.0425691256450536,4.48666464240199
"2023-08-31",-0.0167571819467624,4.41148078665516
"2023-09-29",-0.0457911314827205,4.20947408991994
"2023-10-31",-0.0305881948555476,4.08071387621809
"2023-11-30",0.0948363850297949,4.46771402857953
"2023-12-29",0.0424957640116194,4.65757294960945
"2024-01-31",0.0302940871491243,4.79866987044832
"2024-02-29",0.0780320711825748,5.17312001936082
"2024-03-28",0.0328163486313627,5.34288292942805
"2024-04-30",-0.0368129936662549,5.14619541398747
"2024-05-31",0.0636726397132084,5.47386726047606
"2024-06-28",0.0441992740389627,5.71580821957475
"2024-07-31",0.00265456994471524,5.73098123228419
"2024-08-30",0.0240498738776967,5.86881060811607
"2024-09-30",0.0163844331041292,5.96496774292555
"2024-10-31",-0.0163306394805148,5.86755600520293
"2024-11-29",0.0334068402955087,6.0635725115937
"2024-12-31",-0.0144475298466447,5.97596886675516
"2025-01-31",0.0212914263805602,6.10320576793419
"2025-02-28",0.000879715422880116,6.10857485217726
"2025-03-31",-0.0400964949005986,5.86364241176701
"2025-04-30",0.00656773565507717,5.90215326510339
"2025-05-30",0.0614128176838659,6.26462112751542
"2025-06-30",0.0666284377275681,6.68202304619689
"2025-07-31",0.0152306846562747,6.78379483207947
"2025-08-29",0.0247373200303352,6.95160773586076
"2025-09-30",0.0580461548059129,7.35512183464651
"2025-10-31",0.0338939213155477,7.60441575537629
"2025-11-28",0.00251363903551065,7.62353051166125
"2025-12-31",0.00456051309190716,7.65829772236624
"2026-01-30",0.036261143703303,7.93599635659964
"2026-02-27",0.0123203837078152,8.03377087681677
"2026-03-31",-0.0609610578737997,7.54402370545029
"2026-04-30",0.14661375409335,8.65008134187559
"2026-05-29",0.0818518383771606,9.35810640182008
"2026-06-30",0.0256315212105134,9.59796890454857
"2026-07-31",-0.0520304259902506,9.09858249380373
"2026-08-31",0.0260474799853632,9.33557763920626
"2026-09-30",0.0223430192405563,9.54416263002075
