fecha,SPYG,SMH,BRK-B,IEMG,VTI
2012-10-31,13.80754471,13.20030975,86.34999847,34.08837891,57.01342010
2012-11-30,13.96387577,13.60366535,88.08000183,34.63261032,57.45487213
2012-12-31,13.93169785,14.02474117,89.69999695,36.98160553,58.19769669
2013-01-31,14.47783089,14.87932301,96.93000031,36.89659500,61.35058975
2013-02-28,14.64996243,15.23504257,102.16000366,36.32982635,62.13682938
2013-03-28,15.20898628,15.41289997,104.19999695,35.96142578,64.59030914
2013-04-30,15.50323582,16.07227516,106.31999969,36.46444321,65.62743378
2013-05-31,15.85291100,16.61018372,114.06999969,34.87040329,67.23103333
2013-06-28,15.55679417,16.34990692,111.91999817,32.93404007,66.26511383
2013-07-31,16.38109207,16.72731400,115.87000275,33.27724838,70.07252502
2013-08-30,16.01925468,16.11131477,111.22000122,32.44781494,67.94839478
2013-09-30,16.60843086,17.29992867,113.51000214,34.78595734,70.59640503
2013-10-31,17.44453812,17.85952759,115.08999634,36.20885086,73.60874176
2013-11-29,17.97543335,17.86386299,116.52999878,36.00149536,75.59821320
2013-12-31,18.47396660,18.69916916,118.55999756,35.95511246,77.66464996
2014-01-31,17.89753151,18.14387894,111.59999847,33.08216095,75.20323944
2014-02-28,18.82802391,19.23682976,115.77999878,34.20102692,78.86297607
2014-03-31,18.70100975,20.10061455,124.97000122,35.42815781,79.26466370
2014-04-30,18.73566818,19.68634987,128.85000610,35.77463913,79.31346893
2014-05-30,19.37672043,20.42232895,128.33999634,36.77800751,80.98056793
2014-06-30,19.76122665,21.81055260,126.55999756,37.64147186,83.10325623
2014-07-31,19.52646446,21.48883820,125.43000031,38.02007675,81.44561005
2014-08-29,20.36116791,22.77569962,137.25000000,39.28692245,84.82624054
2014-09-30,20.17557907,22.51568413,138.13999939,36.43286896,83.04772186
2014-10-31,20.72958946,22.66111755,140.16000366,36.71681595,85.32817078
2014-11-28,21.36429977,24.48123169,148.69000244,36.24358368,87.44454956
2014-12-31,21.20897102,24.35068321,150.14999390,34.72975540,87.41105652
2015-01-30,20.80380058,23.50807953,143.91000366,34.72236633,85.01961517
2015-02-27,22.04558945,25.39836121,147.41000366,36.18452454,89.90146637
2015-03-31,21.66304016,24.65383720,144.32000732,35.68975830,88.85602570
2015-04-30,21.74213791,24.72516823,141.21000671,38.28174210,89.40282440
2015-05-29,22.15741920,26.66448593,143.00000000,36.88606262,90.56275177
2015-06-30,21.75137138,24.32839012,136.11000061,35.79928589,89.04591370
2015-07-31,22.51890564,23.24950600,142.74000549,33.45190430,90.56024170
2015-08-31,21.15145111,22.09037590,134.03999329,30.32207870,85.04373169
2015-09-30,20.64592743,22.23749542,130.39999390,29.72591209,82.55796814
2015-10-30,22.61221504,24.16789436,136.02000427,31.55165291,89.08930969
2015-11-30,22.64542198,24.87674713,134.08999634,30.82881737,89.62454987
2015-12-31,22.28565407,24.26854706,132.03999329,29.76222610,87.72141266
2016-01-29,21.13544273,22.64699936,129.77000427,28.21329880,82.70036316
2016-02-29,20.97525978,22.97040176,134.16999817,27.94128036,82.69194794
2016-03-31,22.44825172,25.08843231,141.88000488,31.44716644,88.57125854
2016-04-29,22.09766960,23.89504433,145.47999573,31.65872765,89.15427399
2016-05-31,22.69164276,25.91742706,140.53999329,30.57825851,90.70059967
2016-06-30,22.62044525,25.96753120,144.78999329,31.90589333,90.94859314
2016-07-29,23.65832901,28.92366409,144.27000427,33.53017044,94.56414032
2016-08-31,23.59556580,30.15804482,150.49000549,33.86569595,94.75933075
2016-09-30,23.67568398,31.64294434,144.47000122,34.78078461,94.94802856
2016-10-31,23.16946030,31.09634972,144.30000305,34.42236710,92.86709595
2016-11-30,23.46419334,32.36717606,157.44000244,32.99636459,97.03751373
2016-12-30,23.80953789,32.89421844,162.97999573,32.82245636,98.96531677
2017-01-31,24.49897766,34.17986679,164.13999939,34.97969818,100.80184174
2017-02-28,25.49132156,35.07523346,171.41999817,35.69103622,104.52630615
2017-03-31,25.79322052,36.59963989,166.67999268,36.95135880,104.58407593
2017-04-28,26.29451942,36.59504318,165.21000671,37.65497208,105.69613647
2017-05-31,27.07482529,39.48316574,165.27999878,38.53642273,106.76505280
2017-06-30,26.92266464,37.58683777,169.36999512,38.97019196,107.77644348
2017-07-31,27.62624168,39.41429138,174.97000122,41.11184311,109.80294037
2017-08-31,28.01787949,40.67238998,181.16000366,42.06195450,109.96749878
2017-09-29,28.32291603,42.84881210,183.32000732,42.06974030,112.65076447
2017-10-31,29.26457787,46.65524673,186.94000244,43.44039917,115.09477234
2017-11-30,30.07824707,46.03079605,193.00999451,43.49491119,118.58249664
2017-12-29,30.29447937,45.55113220,198.22000122,45.09053040,119.95926666
2018-01-31,32.47017288,49.60282135,214.38000488,48.68826294,126.23477173
2018-02-28,31.78166389,49.61678314,207.19999695,45.90675354,121.48883057
2018-03-29,30.85924530,48.56428528,199.47999573,46.27920914,119.10382843
2018-04-30,30.92368889,45.24842453,193.72999573,45.05089951,119.63913727
2018-05-31,32.26779556,49.91950607,191.52999878,44.00487137,122.89492798
2018-06-29,32.44795609,47.81448364,186.64999390,41.95372391,123.75956726
2018-07-31,33.56558228,49.31407547,197.86999512,43.22409058,127.86642456
2018-08-31,35.19121552,50.73449707,208.72000122,41.79393768,132.25520325
2018-09-28,35.44779205,49.57487488,214.11000061,41.37048340,132.51458740
2018-10-31,32.57415009,43.52529526,205.27999878,37.75915527,122.69443512
2018-11-30,33.06545258,45.05748367,218.24000549,39.52486801,125.16494751
2018-12-31,30.25860596,41.42772675,204.17999268,38.36211014,113.67966461
2019-01-31,32.51170349,45.84674454,205.53999329,42.04780579,123.38827515
2019-02-28,33.83375931,49.04591370,201.30000305,41.59217072,127.77938080
2019-03-29,34.75856781,50.46986771,200.88999939,42.07221222,129.58964539
2019-04-30,36.13171768,55.17842484,216.71000671,42.99160385,134.67613220
2019-05-31,34.22610855,46.62518311,197.41999817,39.96493912,125.98964691
2019-06-28,36.31553650,52.29728317,213.16999817,42.27132416,134.90733337
2019-07-31,36.72809219,55.57713318,205.42999268,41.23590851,136.81288147
2019-08-30,36.47493744,54.30981445,203.41000366,39.66635132,133.96357727
2019-09-30,36.59772110,56.54543304,208.02000427,40.28266525,136.34719849
2019-10-31,37.23764420,60.51353073,212.58000183,42.04944992,139.21856689
2019-11-29,38.51748657,63.08615875,220.30000305,42.04944992,144.49189758
2019-12-31,39.59090424,68.12814331,226.50000000,45.19562531,148.54367065
2020-01-31,40.51665878,66.27812195,224.42999268,42.53063202,148.45288086
2020-02-28,37.69213104,63.58017349,206.33999634,40.95012665,136.57809448
2020-03-31,33.90678787,56.43540573,182.83000183,34.02281570,117.61325836
2020-04-30,38.74520111,64.42809296,187.36000061,36.70462799,133.05967712
2020-05-29,41.03158569,67.94506836,185.58000183,37.86478424,140.23999023
2020-06-30,42.73447037,73.61560059,178.50999451,40.38625717,143.46290588
2020-07-31,45.75024033,80.08104706,195.77999878,43.87339020,151.70243835
2020-08-31,50.06934357,84.48930359,218.03999329,45.22243118,162.48072815
2020-09-30,47.77474976,83.92562866,212.94000244,44.79820251,156.73291016
2020-10-30,46.32558060,84.28694916,201.89999390,45.36666870,153.67747498
2020-11-30,50.81608200,100.50359344,228.91000366,49.73619080,171.81622314
2020-12-31,52.83975601,105.96271515,231.86999512,53.26915741,179.85093689
2021-01-29,52.60084152,109.93595886,227.86999512,54.80609894,179.25032043
2021-02-26,52.58171082,116.89276123,240.50999451,55.57886124,184.87760925
2021-03-31,54.01304626,118.15412140,255.47000122,55.26116562,191.62179565
2021-04-30,57.70011902,117.88729095,274.95001221,56.21425247,201.27287292
2021-05-28,57.20212173,120.89025879,289.44000244,57.22742462,202.19065857
2021-06-30,60.41009521,127.22123718,277.92001343,57.92517090,207.20903015
2021-07-30,62.71252823,127.65787506,278.29000854,54.65666580,210.80789185
2021-08-31,65.31236267,131.38853455,285.76998901,55.41758347,216.83389282
2021-09-30,61.51401138,124.32499695,272.94000244,53.40287018,207.15408325
2021-10-29,67.10619354,132.75177002,287.01000977,53.98220825,221.00730896
2021-11-30,68.10548401,147.91700745,276.69000244,51.98479080,217.77954102
2021-12-31,69.75524902,150.60644531,299.00000000,52.92901611,226.03999329
2022-01-31,63.87413406,134.32112122,313.01998901,52.68144226,212.34315491
2022-02-28,61.06350708,130.78506470,321.45001221,50.60353470,207.06288147
2022-03-31,63.84286118,131.58496094,352.91000366,49.11805344,213.81300354
2022-04-29,55.78175354,112.10497284,322.82998657,46.20015335,194.28842163
2022-05-31,55.04893112,119.28924561,315.98001099,46.48310089,193.80004883
2022-06-30,50.54111481,99.36543274,273.01998901,43.88148880,177.84783936
2022-07-29,56.98927689,115.67029572,300.60000610,43.88148880,194.47096252
2022-08-31,53.93437576,104.65244293,280.79998779,43.34481812,187.22013855
2022-09-30,48.55369568,90.28876495,267.01998901,38.44326401,169.93879700
2022-10-31,50.74394226,92.28845978,295.08999634,37.87976074,183.72555542
2022-11-30,53.28306961,111.07098389,318.60000610,43.43426895,193.22290039
2022-12-30,49.24024963,100.10549164,308.89999390,42.35390091,181.90922546
2023-01-31,52.00011444,116.95580292,311.51998901,46.13582230,194.50648499
2023-02-28,50.98945236,118.09033203,305.17999268,42.94340897,189.83483887
2023-03-31,53.98060226,129.82537842,308.76998901,44.24939728,194.97387695
2023-04-28,54.75091171,121.96255493,328.54998779,44.05894852,197.07551575
2023-05-31,56.15503311,142.38911438,321.07998657,43.15201569,197.91615295
2023-06-30,59.67327499,150.20262146,341.00000000,45.14228058,211.23336792
2023-07-31,61.51208878,158.46005249,351.95999146,47.83488083,218.97195435
2023-08-31,61.13063049,154.11923218,360.20001221,44.93163681,214.74302673
2023-09-29,58.15065002,143.03038025,350.29998779,43.58533478,204.43309021
2023-10-31,56.73809052,137.08146667,341.32998657,42.07418442,199.02409363
2023-11-30,61.69187927,158.32194519,360.00000000,45.47199249,217.76293945
2023-12-29,64.02405548,173.55831909,356.66000366,47.23503876,229.29101562
2024-01-31,65.86428070,184.47579956,383.73999023,45.24590302,231.85243225
2024-02-29,70.59770966,210.36018372,409.39999390,47.01091003,244.13764954
2024-03-28,72.09187317,223.30238342,420.51998901,48.18758392,252.09577942
2024-04-30,69.30280304,212.48413086,396.73001099,48.23427582,241.14482117
2024-05-31,73.92497253,238.67617798,414.39999390,49.11211014,252.61958313
2024-06-28,79.09336853,258.74450684,406.79998779,50.47267151,260.39749146
2024-07-31,78.01748657,245.13735962,438.50000000,50.85926056,265.32299805
2024-08-30,79.70536041,241.63383484,475.92001343,51.34955597,270.97851562
2024-09-30,81.99672699,243.60890198,460.26000977,54.13107300,276.48175049
2024-10-31,81.43318939,239.86717224,450.92001343,52.44330215,274.40197754
2024-11-29,86.36643982,240.31381226,483.01998901,51.20812988,292.78787231
2024-12-31,87.06732941,241.41879272,453.27999878,50.30370712,283.88577271
2025-01-31,89.34553528,242.86430359,468.67001343,51.04545212,292.49609375
2025-02-28,86.76026917,232.04795837,513.83001709,51.47893524,286.97134399
2025-03-31,79.72205353,210.81402588,532.58001709,51.98949051,270.16827393
2025-04-30,81.33890533,210.62461853,533.25000000,52.18214798,268.18258667
2025-05-30,88.96691132,239.00630188,503.95999146,54.60967255,284.95266724
2025-06-30,94.69248962,278.01492310,485.76998901,58.53498840,299.66580200
2025-07-31,97.91114807,287.88421631,471.88000488,58.82752228,306.52816772
2025-08-29,98.83502960,289.38955688,502.98001099,60.54368973,313.73559570
2025-09-30,103.95998383,325.34762573,502.73999023,64.27830505,324.46520996
2025-10-31,107.49129486,361.89392090,477.54000854,66.56977844,331.63336182
2025-11-28,106.47666168,351.18725586,513.80999756,65.42891693,332.51330566
2025-12-31,106.29923248,360.13000488,502.64999390,66.68432617,332.42532349
2026-01-30,106.84716797,403.45999146,480.52999878,71.98176575,337.68032837
2026-02-27,103.18098450,406.36999512,504.95001221,76.14830017,335.89559937
2026-03-31,97.66963959,383.39999390,479.20001221,69.19416046,319.08456421
2026-04-30,112.11408234,506.72000122,473.60000610,77.86450958,352.27505493
2026-05-29,121.20172119,598.92999268,474.48001099,82.80482483,370.53634644
2026-06-30,118.84502411,655.89001465,500.39001465,82.83999634,369.10848999
2026-07-31,116.99727631,540.53002930,511.54000854,77.61000061,367.28308105
2026-08-31,120.74270630,556.63000488,504.02999878,81.73000336,377.19805908
2026-09-30,123.08000183,609.00000000,497.95001221,81.16000366,374.23999023
